azsplit	prm	n	seed	acc	cov	vot	log
hard	O2	4	42	7.5114%	9.7876%	Accuracy:	logs/bon_stability/hard_O2_N4_s42_20260928_101417.log
hard	O2	16	42	7.2838%	12.2914%	Accuracy:	logs/bon_stability/hard_O2_N16_s42_20260928_101417.log
hard	O2	64	42	7.5114%	14.5675%	Accuracy:	logs/bon_stability/hard_O2_N64_s42_20260928_101417.log
hard	B0	4	42	7.2838%	9.7876%	Accuracy:	logs/bon_stability/hard_B0_N4_s42_20260928_101417.log
hard	B0	16	42	6.9044%	12.2914%	Accuracy:	logs/bon_stability/hard_B0_N16_s42_20260928_101417.log
hard	B0	64	42	6.7527%	14.5675%	Accuracy:	logs/bon_stability/hard_B0_N64_s42_20260928_101417.log
hard	official	4	42	7.5873%	9.7876%	Accuracy:	logs/bon_stability/hard_official_N4_s42_20260928_101417.log
hard	official	16	42	7.6631%	12.2914%	Accuracy:	logs/bon_stability/hard_official_N16_s42_20260928_101417.log
hard	official	64	42	7.4355%	14.5675%	Accuracy:	logs/bon_stability/hard_official_N64_s42_20260928_101417.log
multiarith	O2	4	42	79.4828%	86.2069%	Accuracy:	logs/bon_stability/multiarith_O2_N4_s42_20260928_101417.log
multiarith	O2	16	42	80.3448%	92.4138%	Accuracy:	logs/bon_stability/multiarith_O2_N16_s42_20260928_101417.log
multiarith	O2	64	42	82.4138%	94.1379%	Accuracy:	logs/bon_stability/multiarith_O2_N64_s42_20260928_101417.log
multiarith	B0	4	42	78.2759%	86.2069%	Accuracy:	logs/bon_stability/multiarith_B0_N4_s42_20260928_101417.log
multiarith	B0	16	42	78.7931%	92.4138%	Accuracy:	logs/bon_stability/multiarith_B0_N16_s42_20260928_101417.log
multiarith	B0	64	42	78.6207%	94.1379%	Accuracy:	logs/bon_stability/multiarith_B0_N64_s42_20260928_101417.log
multiarith	official	4	42	80.1724%	86.2069%	Accuracy:	logs/bon_stability/multiarith_official_N4_s42_20260928_101417.log
multiarith	official	16	42	81.5517%	92.4138%	Accuracy:	logs/bon_stability/multiarith_official_N16_s42_20260928_101417.log
multiarith	official	64	42	84.8276%	94.1379%	Accuracy:	logs/bon_stability/multiarith_official_N64_s42_20260928_101417.log
gsm_test	O2	16	43	33.2828%	50.7202%	Accuracy:	logs/bon_stability/gsm_test_O2_N16_s43_20260928_101417.log
gsm_test	B0	16	43	31.9939%	50.7202%	Accuracy:	logs/bon_stability/gsm_test_B0_N16_s43_20260928_101417.log
gsm_test	official	16	43	34.1926%	50.7202%	Accuracy:	logs/bon_stability/gsm_test_official_N16_s43_20260928_101417.log
gsm_test	O2	16	44	33.3586%	51.4026%	Accuracy:	logs/bon_stability/gsm_test_O2_N16_s44_20260928_101417.log
gsm_test	B0	16	44	32.7521%	51.4026%	Accuracy:	logs/bon_stability/gsm_test_B0_N16_s44_20260928_101417.log
gsm_test	official	16	44	33.2070%	51.4026%	Accuracy:	logs/bon_stability/gsm_test_official_N16_s44_20260928_101417.log
