split	prm	n	seed	acc	cov	vot	log
gsm_test	O1	4	42	31.6149%	41.0917%	32.8279%	logs/bon_o1/gsm_test_O1_N4_s42_20260929_110224.log
gsm_test	O1	16	42	31.0083%	51.0993%	34.3442%	logs/bon_o1/gsm_test_O1_N16_s42_20260929_110224.log
gsm_test	O1	64	42	30.2502%	57.9985%	33.7377%	logs/bon_o1/gsm_test_O1_N64_s42_20260929_110224.log
hard	O1	4	42	7.2079%	9.7876%	7.5873%	logs/bon_o1/hard_O1_N4_s42_20260929_110224.log
hard	O1	16	42	6.6009%	12.2914%	7.2079%	logs/bon_o1/hard_O1_N16_s42_20260929_110224.log
hard	O1	64	42	6.2974%	14.5675%	7.0561%	logs/bon_o1/hard_O1_N64_s42_20260929_110224.log
multiarith	O1	4	42	74.4828%	86.2069%	78.2759%	logs/bon_o1/multiarith_O1_N4_s42_20260929_110224.log
multiarith	O1	16	42	76.7241%	92.4138%	79.3103%	logs/bon_o1/multiarith_O1_N16_s42_20260929_110224.log
multiarith	O1	64	42	78.6207%	94.1379%	79.8276%	logs/bon_o1/multiarith_O1_N64_s42_20260929_110224.log
gsm_test	O1	16	43	32.2972%	50.7202%	33.7377%	logs/bon_o1/gsm_test_O1_N16_s43_20260929_110224.log
gsm_test	O1	16	44	33.3586%	51.4026%	33.3586%	logs/bon_o1/gsm_test_O1_N16_s44_20260929_110224.log
