system	split	N	top1	wvote	maj	cov
coconut_B0	gsm	4	32.373	32.5246	32.9795	42.1531
coconut_B0	gsm	16	33.7377	33.6619	33.9651	51.0993
coconut_B0	gsm	64	31.3116	33.7377	33.7377	59.5906
coconut_B0	hard	4	6.6768	6.9803	7.5114	9.7117
coconut_B0	hard	16	7.2079	7.0561	7.3596	12.1396
coconut_B0	hard	64	6.525	7.2079	7.4355	14.5675
coconut_B0	ma	4	77.4138	78.2759	78.1034	86.2069
coconut_B0	ma	16	79.6552	82.069	80.8621	91.3793
coconut_B0	ma	64	80.1724	83.1034	80.6897	93.9655
p2mmd05_O2_dnone	gsm	4	35.254	36.0121	35.1782	44.2002
p2mmd05_O2_dnone	gsm	16	34.7991	36.7703	35.9363	52.8431
p2mmd05_O2_dnone	gsm	64	34.7233	36.9219	36.1638	60.8795
p2mmd05_O2_dnone	hard	4	7.6631	8.346	8.1942	10.6222
p2mmd05_O2_dnone	hard	16	8.1942	8.2701	8.0425	12.8983
p2mmd05_O2_dnone	hard	64	7.5114	8.2701	8.0425	14.5675
p2mmd05_O2_dnone	ma	4	81.7241	83.6207	83.6207	89.8276
p2mmd05_O2_dnone	ma	16	85.5172	87.4138	86.2069	92.069
p2mmd05_O2_dnone	ma	64	85.5172	87.7586	85.6897	94.6552
SLPO_B0	gsm	4	33.9651	34.4958	33.6619	45.0341
SLPO_B0	gsm	16	30.7809	32.5246	35.7847	56.9371
SLPO_B0	gsm	64	29.0371	32.7521	36.6945	66.793
SLPO_B0	hard	4	6.3733	7.0561	7.2838	9.9393
SLPO_B0	hard	16	6.4492	7.132	7.8907	13.5812
SLPO_B0	hard	64	5.9181	6.6009	8.1942	15.7056
SLPO_B0	ma	4	77.069	79.3103	79.1379	87.069
SLPO_B0	ma	16	79.6552	82.4138	80.5172	93.1034
SLPO_B0	ma	64	77.2414	83.2759	82.2414	95.6897
CODI_B0	gsm	4	41.2434	41.6983	41.7741	48.1425
CODI_B0	gsm	16	40.0303	41.0917	42.4564	54.6626
CODI_B0	gsm	64	38.6657	40.8643	42.0773	59.5148
CODI_B0	hard	4	8.8771	8.6495	8.8012	10.698
CODI_B0	hard	16	8.5736	8.8771	9.3323	12.8225
CODI_B0	hard	64	8.346	8.8012	8.953	14.0364
CODI_B0	ma	4	90.1724	89.8276	90.5172	95.5172
CODI_B0	ma	16	90.6897	91.5517	93.1034	98.2759
CODI_B0	ma	64	89.4828	91.5517	92.931	99.1379
CODI_O2	gsm	4	40.3336	41.8499	41.7741	48.1425
CODI_O2	gsm	16	40.9401	42.9113	42.4564	54.6626
CODI_O2	gsm	64	41.4708	42.7597	42.0773	59.5148
CODI_O2	hard	4	9.1806	8.7253	8.8012	10.698
CODI_O2	hard	16	9.4082	9.2564	9.3323	12.8225
CODI_O2	hard	64	9.1047	9.1047	8.953	14.0364
CODI_O2	ma	4	90.3448	91.2069	90.5172	95.5172
CODI_O2	ma	16	91.3793	92.5862	93.1034	98.2759
CODI_O2	ma	64	91.5517	92.069	92.931	99.1379
CODIp2_O2	gsm	4	42.0015	42.1531	42.229	49.2798
CODIp2_O2	gsm	16	42.0015	43.2904	42.9113	54.3594
CODIp2_O2	gsm	64	42.229	43.442	42.6839	59.9697
CODIp2_O2	hard	4	9.4082	9.5599	9.7876	11.0774
CODIp2_O2	hard	16	9.1047	9.6358	9.4841	12.6707
CODIp2_O2	hard	64	9.4082	9.8634	9.5599	13.9605
CODIp2_O2	ma	4	91.5517	92.069	92.2414	95.8621
CODIp2_O2	ma	16	92.4138	92.7586	93.1034	98.4483
CODIp2_O2	ma	64	91.8966	93.4483	93.9655	98.7931
